[{
  "_id": {
    "$oid": "65e1d807a2d5bb9f59925090"
  },
  "id": 1,
  "title": "Completa il report finanziario",
  "description": "Preparare il report finanziario per il mese corrente.",
  "status": "In corso",
  "assignedTo": "Mario Rossi",
  "dueDate": "2024-02-15"
},
{
  "_id": {
    "$oid": "65e1d807a2d5bb9f59925091"
  },
  "id": 2,
  "title": "Riunione con il cliente XYZ",
  "description": "Discutere i dettagli del progetto con il cliente XYZ.",
  "status": "Pianificato",
  "assignedTo": "Luca Bianchi",
  "dueDate": "2024-02-20"
},
{
  "_id": {
    "$oid": "65e1d807a2d5bb9f59925092"
  },
  "id": 3,
  "title": "Aggiornamento software ufficio",
  "description": "Installare l'ultimo aggiornamento del software di gestione documenti.",
  "status": "Completato",
  "assignedTo": "Chiara Ferrara",
  "dueDate": "2024-02-10"
},
{
  "_id": {
    "$oid": "65e1d807a2d5bb9f59925093"
  },
  "id": 4,
  "title": "Verifica inventario magazzino",
  "description": "Controllare l'inventario del magazzino e redigere un rapporto.",
  "status": "In attesa",
  "assignedTo": "Giulia Gallo",
  "dueDate": "2024-02-22"
},
{
  "_id": {
    "$oid": "65e1d807a2d5bb9f59925094"
  },
  "id": 5,
  "title": "Organizzazione evento team building",
  "description": "Pianificare e organizzare un evento di team building per il prossimo mese.",
  "status": "Pianificato",
  "assignedTo": "Marco Verdi",
  "dueDate": "2024-03-15"
},
{
  "_id": {
    "$oid": "65e1d807a2d5bb9f59925095"
  },
  "id": 6,
  "title": "Analisi feedback clienti",
  "description": "Analizzare i feedback dei clienti dell'ultimo trimestre e preparare una presentazione.",
  "status": "In corso",
  "assignedTo": "Sara Conti",
  "dueDate": "2024-02-18"
},
{
  "_id": {
    "$oid": "65e1d807a2d5bb9f59925096"
  },
  "id": 7,
  "title": "Ristrutturazione ufficio",
  "description": "Supervisionare i lavori di ristrutturazione dell'ufficio.",
  "status": "In attesa",
  "assignedTo": "Luigi Neri",
  "dueDate": "2024-02-28"
}]